town,state,name,capacity
Aberdeen,MD,Ripken Stadium,6300
Aberdeen,SD,Wachs Arena,8000
Abilene,TX,Wildcat Stadium,12000
Abilene,TX,Moody Coliseum,4600
Abilene,TX,Crutcher Scott Field,4000
Addison,TX,Loos Field House,7500
Adelanto,CA,Adelanto Stadium,3808
Aiken,SC,Convocation Center,3600
Akron,OH,InfoCision Stadium,27881
Akron,OH,Canal Park,7630
Akron,OH,James A. Rhodes Arena,5500
Albany,GA,ASU Coliseum,10000
Albany,NY,Times Union Center,15229
Albany,NY,Tom & Mary Casey Stadium,8500
Albany,NY,SEFCU Arena,4538
Albuquerque,NM,Dreamstyle Stadium,39224
Albuquerque,NM,Dreamstyle Arena,15411
Albuquerque,NM,Isotopes Park,11124
Albuquerque,NM,Tingley Coliseum,9286
Albuquerque,NM,Johnson Center,4800
Alcorn,MS,Casem Stadium,22500
Alcorn,MS,Davey L. Whitney Complex,7500
Allen,TX,Allen Event Center,6200
Allendale,MI,Lubbers Stadium,10440
Allendale,MI,GVSU Fieldhouse Arena,4200
Allentown,PA,PPL Center,8420
Allentown,PA,Cola Park,8101
Allentown,PA,ECTB Stadium,4600
Allentown,PA,Memorial Hall,3529
Altoona,PA,Mansion Park Stadium,10400
Altoona,PA,Peoples Natural Gas Field,7210
Amarillo,TX,Hodgetown,7000
Amarillo,TX,Cal Farley Coliseum,4870
Ames,IA,Jack Trice Stadium,61500
Ames,IA,Hilton Coliseum,14356
Amherst,MA,McGuirk Stadium,17000
Amherst,MA,Mullins Center,9493
Amherst,NY,UB Stadium,33519
Amherst,NY,Alumni Arena,6783
Anaheim,CA,Angel Stadium,45447
Anaheim,CA,Honda Center,17174
Anaheim,CA,Anaheim Arena,7500
Anchorage,AK,Alaska Airlines Center,5600
Anchorage,AK,Mulcahy Stadium,3500
Angola,IN,MTI Center,3500
Annapolis,MD,Marine Corps Memorial Stadium,34000
Annapolis,MD,Alumni Hall,5710
Ann Arbor,MI,Michigan Stadium,107601
Ann Arbor,MI,Crisler Center,12707
Ann Arbor,MI,Yost Ice Arena,5800
Ann Arbor,MI,Ray Fisher Stadium,4000
Appleton,WI,Fox Cities Stadium,5900
Arkadelphia,AR,Haygood Stadium,9600
Arlington,TX,AT&T Stadium,85000
Arlington,TX,Globe Life Park,25000
Arlington,TX,College Park Center,7000
Asheville,NC,U.S. Cellular Center,6300
Asheville,NC,McCormick Field,4000
Athens,GA,Sanford Stadium,92746
Athens,GA,Stegeman Coliseum,10523
Athens,OH,Peden Stadium,24000
Athens,OH,Convocation Center,13080
Atlanta,GA,Benz Stadium,75000
Atlanta,GA,Bobby Dodd Stadium,55000
Atlanta,GA,Truist Park,41149
Atlanta,GA,Georgia State Stadium,25000
Atlanta,GA,State Farm Arena,16600
Atlanta,GA,B.T. Harvey Stadium,9000
Atlanta,GA,McCamish Pavilion,8600
Atlanta,GA,Forbes Arena,6000
Atlanta,GA,Russ Chandler Stadium,4157
Atlanta,GA,Georgia State Sports Arena,3854
Atlantic City,NJ,Boardwalk Hall,10075
Auburn,AL,Hare Stadium,87451
Auburn,AL,Auburn Arena,9121
Auburn,AL,Plainsman Park,4096
Augusta,GA,Lake Olmstead Stadium,4822
Augusta,ME,Augusta Civic Center,6777
Augusta,NJ,Skylands Stadium,4200
Austin,TX,Texas Memorial Stadium,100119
Austin,TX,Mike A. Myers Stadium and Soccer Field,20000
 Austin,TX,Frank Erwin Center,16540
Austin,TX,Falk Field,7373
Austin,TX,Leudecke Arena,6400
Austin,TX,Gregory Gym,4000
Avon,OH,Sprenger Stadium,5000
Azusa,CA,Felix Event Center,3500
Bakersfield,CA,Bakersfield Memorial Stadium,20000
Bakersfield,CA,Rabobank Arena,8751
Bakersfield,CA,Sam Lynn Ballpark,3500
Baltimore,MD,M&T Bank Stadium,71008
Baltimore,MD,Oriole Park at Camden Yards,45971
Baltimore,MD,Hughes Stadium,10000
Baltimore,MD,Homewood Field,8500
Baltimore,MD,Talmadge Hill Field House,4250
Baltimore,MD,Physical Education Complex,4100
Bangor,ME,Cross Insurance Center,5800
Barrie,ON,Barrie Molson Centre,4195
Baton Rouge,LA,Tiger Stadium,102321
Baton Rouge,LA,A.W. Mumford Stadium,28500
 Baton Rouge,LA,Pete Maravich Assembly Center,13215
Baton Rouge,LA,Alex Box Stadium,10326
Baton Rouge,LA,F.G. Clark Activity Center,7500
Beaumont,TX,Provost Umphrey Stadium,16000
Beaumont,TX,Montagne Center,10080
Beaumont,TX,Beck Stadium,3500
Belgrade,MT,Belgrade Special Events Center,4800
Belleville,ON,CAAArena,4350
Beloit,WI,Pohlman Field,3501
Bemidji,MN,Sanford Center,4373
Berkeley,CA,California Memorial Stadium,62467
Berkeley,CA,Edwards Stadium,22000
Berkeley,CA,Haas Pavilion,11858
Bethany,OK,Sawyer Center,5000
Bethlehem,PA,Goodman Stadium,16000
Bethlehem,PA,BASD Stadium,14000
Bethlehem,PA,Stabler Arena,5600
Billings,MT,First Interstate Arena,10500
Biloxi,MS,MGM Park,5000
Binghamton,NY,NYSEG Stadium,6012
Binghamton,NY,Floyd L. Maines Veterans Memorial Arena,4897
Birmingham,AL,Legion Field,71594
Birmingham,AL,Rickwood Field,10000
Birmingham,AL,Legacy Arena at the BJCC,17400
Birmingham,AL,Regions Field,8500
Birmingham,AL,Bartow Arena,8500
Birmingham,AL,Bill Harris Arena,5000
Birmingham,AL,Pete Hanna Center,5000
Bismarck,ND,Bismarck Event Center,10100
Blacksburg,VA,Lane Stadium,65632
Blacksburg,VA,Cassell Coliseum,9265
Bloomington,IN,Memorial Stadium,52656
Bloomington,IN,Assembly Hall,17222
Bluefield,WV,Mitchell Stadium,10000
Boca Raton,FL,FAU Stadium,29419
Boiling Springs,NC,Spangler Stadium,9000
Boiling Springs,NC,Paul Porter Arena,3500
Boise,ID,Albertsons Stadium,36387
Boise,ID,ExtraMile Arena,12480
Boise,ID,CenturyLink Arena,5000
Boise,ID,Memorial Stadium,3500
Boone,NC,Kidd Brewer Stadium,23150
Boone,NC,Holmes Center,8325
Boonville,IN,Boonville High School Gym,5650
Bossier City,LA,CenturyLink Center,14000
Boston,MA,Fenway Park,37731
Boston,MA,Harvard Stadium,22000
Boston,MA,TD Garden,17565
Boston,MA,Nickerson Field,10412
Boston,MA,Agganis Arena,6150
Boston,MA,Matthews Arena,4666
Boulder,CO,Folsom Field,50183
Boulder,CO,CU Events Center,11064
Bowie,MD,Prince George’s Stadium,10000
Bowling Green,KY,Smith Stadium,22113
Bowling Green,KY,E.A. Diddle Arena,7523
Bowling Green,KY,Bowling Green Ballpark,4559
Bowling Green,OH,Doyt Perry Stadium,24000
Bowling Green,OH,Slater Family Ice Arena,5000
Bowling Green,OH,Stroh Center,4347
Bozeman,MT,Bobcat Stadium,17777
Bozeman,MT,Worthington Arena,6772
Brampton,ON,Powerade Centre,5000
Bradenton,FL,LECOM Field,8500
Brandon,MB,Keystone Centre,5102
Bridgeport,CT,Webster Bank Arena,8412
Bridgeview,IL,SeatGeak Stadium,20000
Bridgewater,NJ,TD Bank Ballpark,6100
Bristol,CT,Muzzy Field,4900
Brockport,NY,Eunice Kennedy Shriver Stadium,11000
Brockton,MA,Campanelli Stadium,4750
Bronx,NY,Rose Hill Gym,3200
Bronx,NY,Yankee Stadium,47422
Brookings,SD,Dana J. Dykhouse Stadium,19340
Brookings,SD,Frost Arena,6063
Brooklyn,NY,MCU Park,7500
Brooklyn,NY,Barclays Center,17732
Brownwood,TX,Brownwood Coliseum,4000
Buffalo,NY,KeyBank Center,19070
Buffalo,NY,Sahlen Field,16907
Buford,GA,Buford City Arena,5500
Burlington,NC,Burlington Athletic Stadium,3500
Burlington,VT,Centennial Field,4415
Burlington,VT,Gutterson Fieldhouse,4007
Butte,MT,Butte Civic Center,6250
Calgary,AB,McMahon Stadium,35400
Calgary,AB,Scotiabank Saddledome,19289
California,PA,Cal U Convocation Center,5000
Campbellton,NB,Cambellton Civic Center,3500
Canton,OH,Tom Benson Hall of Fame Stadium,22375
Canton,OH,Canton Memorial Field House,5280
Canton,OH,Canton Memorial Civic Center,3500
Canyon,TX,Kimbrough Memorial Stadium,20000
Canyon,TX,First United Bank Center,4800
Cape Girardeau,MO,Houck Stadium,10000
Cape Girardeau,MO,Show Me Center,7000
Carbondale,IL,Saluki Stadium,15000
Carbondale,IL,SIU Arena,8284
Carrollton,GA,University Stadium,10000
Carrollton,GA,The Coliseum,7000
Carson,CA,Dignity Health Sports Park,27000
Carson,CA,Torodome,4200
Cary,NC,WakeMed Soccer Park,10000
Casper,WY,Casper Events Center,8395
Catonsville,MD,UMBC Event Center,4654
Cedar City,UT,Eccles Coliseum,8500
Cedar City,UT,America First Event Center,5300
Cedar Falls,IA,Dome,16324
Cedar Falls,IA,McLeod Center,6650
Cedar Park,TX,HEB Center at Cedar Park,6863
Cedar Rapids,IA,U.S. Cellular Center,6500
Cedar Rapids,IA,Veterans Memorial Stadium,5300
Cedar Rapids,IA,Cedar Rapids Ice Arena,3800
Central Islip,NY,Bethpage Ballpark,6002
Champaign,IL,Memorial Stadium,60670
Champaign,IL,State Farm Center,15544
Champaign,IL,George Huff Hall,4536
Chapel Hill,NC,Kenan Stadium,63000
Chapel Hill,NC,Dean E. Smith Center,21750
Chapel Hill,NC,Carmichael Arena,6822
Chapel Hill,NC,Boshamer Stadium,4100
Charleston,IL,O'Brien Field,10000
Charleston,IL,Lantz Arena,5300
Charleston,SC,Johnson Hagood Stadium,11332
Charleston,SC,Volvo Car Stadium,10200
Charleston,SC,McAlister Field House,6000
Charleston,SC,"Joseph P. Riley, Jr. Park",5549
Charleston,SC,TD Arena,5100
Charleston,WV,University of Charleston Stadium,18500
Charleston,WV,Charleston Civic Center,12337
Charleston,WV,Appalachian Power Park,4500
Charlotte,NC,Bank of America Stadium,75525
Charlotte,NC,Spectrum Center,19026
Charlotte,NC,Jerry Richardson Stadium,15314
Charlotte,NC,BB&T Ballpark,10200
Charlotte,NC,Halton Arena,9105
Charlotte,NC,Bojangles’ Coliseum,8300
Charlottesville,VA,Scott Stadium,61500
Charlottesville,VA,John Paul Jones Arena,14623
Charlottesville,VA,Davenport Field,5500
Charlottetown,PE,Eastlink Centre,3690
Chattanooga,TN,Finley Stadium,20668
Chattanooga,TN,McKenzie Arena,10995
Chattanooga,TN,AT&T Field,6360
Chattanooga,TN,Maclellan Gym,4177
Cheney,WA,Roos Field,8600
Cheney,WA,Reese Court,5000
Chester,PA,Subaru Stadium,18500
Chestnut Hill,MA,Alumni Stadium,44500
Chestnut Hill,MA,Conte Forum,8606
Chicago,IL,Soldier Field,61500
Chicago,IL,Wrigley Field,41160
Chicago,IL,Guaranteed Rate Field,40615
Chicago,IL,United Center,19717
Chicago,IL,Wintrust Arena,10387
Chicago,IL,Credit Union 1 Arena,8000
Chicago,IL,Jones Convocation Center,7000
Chicago,IL,Gentile Arena,4963
Chico,CA,Nettleton Stadium,4200
Chicoutimi,QC,Vézina Centre,3759
Chilliwack,BC,Prospera Centre,5058
Cincinnati,OH,Paul Brown Stadium,65515
Cincinnati,OH,Great American Ball Park,42319
Cincinnati,OH,Nippert Stadium,40000
Cincinnati,OH,Heritage Bank Center,12823
Cincinnati,OH,Fifth Third Arena,12012
Cincinnati,OH,Cintas Center,10224
Clarksville,TN,Fortera Stadium,10000
Clarksville,TN,Winfield Dunn Center,7257
Clearwater,FL,Spectrum Field,7000
Clemson,SC,Memorial Stadium,81500
Clemson,SC,Littlejohn Coliseum,9000
Clemson,SC,Doug Kingsmore Stadium,6272
Cleveland,OH,FirstEnergy Stadium,67895
Cleveland,OH,Progressive Field,35051
Cleveland,OH,Rocket Mortgage FieldHouse,19432
Cleveland,OH,Wolstein Center,13610
Clinton,IA,NelsonCorp Field,4000
Clinton,MS,Hale Stadium,8500
Clinton,MS,A.E. Wood Coliseum,3800
College Park,GA,Gateway Center Arena,3500
College Park,MD,Maryland Stadium,51802
College Park,MD,Xfinity Center,17950
College Station,TX,Kyle Field,102733
 College Station,TX,Reed Arena,12989
College Station,TX,Blue Bell Park,6100
Colorado Springs,CO,Falcon Stadium,46692
Colorado Springs,CO,UCHealth Park,8500
Colorado Springs,CO,Broadmoor World Arena,7380
Colorado Springs,CO,Clune Arena,5843
Columbia,MO,Memorial Stadium,71168
Columbia,MO,Mizzou Arena,15061
Columbia,MO,Hearnes Center,13661
Columbia,SC,Brice Stadium,80250
Columbia,SC,Colonial Life Arena,18000
Columbia,SC,Charlie W. Johnson Stadium,11000
Columbia,SC,Spirit Communications Park,7501
Columbia,SC,Founders Park,6400
Columbus,GA,AJ McClung Memorial Stadium,15000
Columbus,GA,Columbus Civic Center,7573
Columbus,GA,Frank G. Lumpkin Jr. Center,5200
Columbus,OH,Ohio Stadium,104944
Columbus,OH,MAPFRE Stadium,19968
 Columbus,OH,Value City Arena,19049
Columbus,OH,Nationwide Arena,18144
 Columbus,OH,St. John Arena,13276
Columbus,OH,Huntington Park,10100
 Columbus,OH,Jesse Owens Memorial Stadium,8000
Columbus,OH,Bill Davis Stadium,4450
 Columbus,OH,Covelli Center,3700
Commerce,TX,Memorial Stadium,11582
Commerce,TX,C Field House,5000
Commerce City,CO,Dick’s Sporting Goods Park,18061
Comstock Park,MI,Fifth Third Ballpark,7696
Conway,AR,Estes Stadium,9000
Conway,AR,Farris Center,5500
Conway,SC,Brooks Stadium,20000
Cookeville,TN,Tucker Stadium,16500
Cookeville,TN,Eblen Center,7500
 Coral Gables,FL,Watsco Center,7972
 Coral Gables,FL,Alex Rodriguez Park,4999
Corbin,KY,Corbin Arena,4966
Cornwall,ON,Ed Lumley Arena,4828
Corpus Christi,TX,American Bank Center,8100
Corpus Christi,TX,Whataburger Field,5050
Corvallis,OR,Reser Stadium,43363
Corvallis,OR,Gill Coliseum,9604
Cullowhee,NC,E.J. Whitmire Stadium,13742
Cullowhee,NC,Ramsey Center,7826
Cypress,TX,Berry Center,8300
Dahlonega,GA,UNG Convocation Center,3600
Dallas,TX,Cotton Bowl,92100
Dallas,TX,Gerald J. Ford Stadium,32000
Dallas,TX,American Airlines Center,19200
Dallas,TX,Ellis Davis Field House,7500
Dallas,TX,Moody Coliseum,7000
Danville,IL,Danville Stadium,4500
Davenport,IA,Brady Street Stadium,10000
Davenport,IA,Modern Woodman Park,4024
 Davidson,NC,Belk Arena,5223
Davie,FL,Don Taft University Center,4500
Davis,CA,Aggie Stadium,10849
Davis,CA,The Pavilion,5931
Davis,CA,Dobbins Stadium,3500
Dayton,OH,UD Arena,13455
Dayton,OH,Welcome Stadium,11000
Dayton,OH,Nutter Center,8000
Dayton,OH,Fifth Third Field,7230
Dayton,OH,Frericks Center,5000
Daytona Beach,FL,Daytona Stadium,9601
Daytona Beach,FL,Jackie Robinson Ballpark,4200
DeKalb,IL,Huskie Stadium,23595
DeKalb,IL,NIU Convocation Center,9100
DeLand,FL,Edmunds Center,4000
Delaware,OH,Selby Stadium,9100
Delray Beach,FL,Delray Beach Stadium,8200
Denton,TX,Apogee Stadium,30850
Denton,TX,The Super Pit,10500
Denver,CO,Empower Field at Mile High,76125
Denver,CO,Coors Field,50398
Denver,CO,Pepsi Center,17809
Denver,CO,Denver Coliseum,9340
Denver,CO,Magness Arena,6026
Des Moines,IA,Wells Fargo Arena,15181
Des Moines,IA,Drake Stadium,14557
Des Moines,IA,Principal Park,11500
Des Moines,IA,Knapp Center,7152
Detroit,MI,Ford Field,65000
Detroit,MI,Comerica Park,41299
Detroit,MI,Little Caesars Arena,20000
Detroit,MI,Calihan Hall,8295
Dodge City,KS,United Wireless Arena,4050
Duluth,GA,Infinite Energy Center,11355
Duluth,MN,AMSOIL Arena,6756
Duluth,MN,Wade Stadium,4200
Dunedin,FL,TD Ballpark,5509
Durham,NC,Wallace Wade Stadium,40004
Durham,NC,Riddick Stadium,10000
Durham,NC,Durham Bulls Athletic Park,10000
Durham,NC,Cameron Indoor Stadium,9314
Durham,NH,Wildcat Stadium,11015
Durham,NH,Whittemore Center,6501
East Hartford,CT,Rentschler Field,38066
Eastlake,OH,Classic Park,7040
East Lansing,MI,Spartan Stadium,75005
East Lansing,MI,Breslin Center,14797
East Lansing,MI,Munn Ice Arena,6114
East Lansing,MI,Jenison Field House,5017
Easton,PA,Fisher Stadium,13132
East Rutherford,NJ,MetLife Stadium,82500
Edinburg,TX,B Park,9700
Edinburg,TX,Bert Ogden Arena,7688
Edinburg,TX,UTRGV Baseball Stadium,5000
Edmond,OK,Wantland Stadium,10000
Edmonton,AB,Commonwealth Stadium,56302
Edmonton,AB,Rogers Place,18641
Edmonton,AB,RE/MAX Field,9000
Edwardsville,IL,Vadalabene Center,4000
Elizabeth City,NC,R.L. Vaughn Center,5000
Elkhart,IN,North Side Gymnasium,7373
Elmira,NY,Dunn Field,4486
Elmira,NY,First Arena,3784
Elon,NC,Rhodes Stadium,11250
Elon,NC,Schar Center,5100
El Paso,TX,Sun Bowl,51500
El Paso,TX,Don Haskins Center,11892
El Paso,TX,Southwest University Park,7500
El Paso,TX,Memorial Gym,5000
Emporia,KS,White Auditorium,5000
Enid,OK,Central National Bank Center,3887
Erie,PA,Erie Veterans Memorial Stadium,10000
Erie,PA,Erie Insurance Arena,6833
Erie,PA,UPMC Park,4200
Estero,FL,Hertz Arena,7181
Ettrick,VA,Multipurpose Center,5200
Eugene,OR,Autzen Stadium,54000
Eugene,OR,Matthew Knight Arena,12364
Eugene,OR,PK Park,4000
Evanston,IL,Ryan Field,47130
Evanston,IL,Ryan Arena,7039
Evansville,IN,Ford Center,8930
Evansville,IN,Bosse Field,5110
Everett,WA,Angel of the Winds Arena,8149
Everett,WA,Funko Field,3682
Fairbanks,AK,Carlson Center,4595
Fairfax,VA,EagleBank Arena,9523
Fairfield,AL,Alumni Stadium,8500
Fargo,ND,Fargodome,18700
Fargo,ND,Scheels Center,5644
Fargo,ND,Scheels Arena,5000
Fargo,ND,Newman Outdoor Field,4422
Fayetteville,AR,Reynolds Razorback Stadium,76000
Fayetteville,AR,Bud Walton Arena,19200
Fayetteville,AR,Barnhill Arena,8500
Fayetteville,AR,Baum Stadium,8237
Fayetteville,NC,Crown Coliseum,8500
Fayetteville,NC,Segra Stadium,5290
Fayetteville,NC,Felton J. Capel Arena,5000
Fishkill,NY,Dutchess Stadium,4494
Flagstaff,AZ,J. Lawrence Walkup Skydome,10000
Flint,MI,Atwood Stadium,11000
Flint,MI,Dort Federal Event Center,3960
Florence,AL,Braly Municipal Stadium,14215
Florence,AL,Flowers Hall,3500
Florence,KY,UC Health Stadium,4725
Florence,SC,Florence Civic Center,7686
Fort Collins,CO,Canvas Stadium,36500
Fort Collins,CO,Moby Arena,8745
Fort Lauderdale,FL,Inter Miami CF Stadium,18000
Fort Myers,FL,JetBlue Park,10823
Fort Myers,FL,Hammond Stadium,9300
Fort Myers,FL,Alico Arena,4333
Fort Myers,FL,Suncoast Credit Union Arena,3500
Fort Valley,GA,Wildcat Stadium,10000
Fort Valley,GA,HPE Complex,5500
Fort Wayne,IN,Allen County War Memorial Coliseum,10500
Fort Wayne,IN,Parkview Field,6516
Fort Worth,TX,Amon G. Carter Stadium,45000
Fort Worth,TX,Farrington Field,18500
Fort Worth,TX,Dickies Arena,13300
 Fort Worth,TX,Ed and Rae Schollmaier Arena,6700
Fort Worth,TX,Greines Activity Center,5000
 Fort Worth,TX,Lupton Stadium,4500
Foxborough,MA,Gillette Stadium,65878
Frankfort,IN,Case Arena,5509
Franklin,WI,Routine Field,4000
Frederick,MD,Harry Grove Stadium,5400
Fresno,CA,Bulldog Stadium,41031
 Fresno,CA,Save Mart Center,15596
Fresno,CA,Chukchansi Park,12500
Fresno,CA,Selland Arena,8317
Fresno,CA,Pete Beiden Field,3575
Frisco,TX,Toyota Stadium,20500
Frisco,TX,Ford Center,12000
Frisco,TX,Dr Pepper Ballpark,7600
Frisco,TX,Comerica Center,4500
Fullerton,CA,Titan Stadium,10000
Fullerton,CA,Titan Gym,4000
Fullerton,CA,Goodwin Field,3500
Gainesville,FL,Ben Hill Griffin Stadium,88548
Gainesville,FL,Stephen C. O'Connell Center,10500
Gainesville,FL,Alfred A. McKethan Stadium,5500
Gaffney,SC,The Reservation,8250
Garland,TX,Curtis Culwell Center,6800
Gary,IN,U.S. Steel Yard,6139
Gastonia,NC,Sims Legion Park,4000
Geneva,IL,Northwestern Medicine Field,7400
Georgetown,TX,Georgetown Athletic Complex,12442
Glendale,AZ,State Farm Stadium,63400
Glendale,AZ,Gila River Arena,17125
Glendale,AZ,Camelback Ranch,10500
Glendora,CA,Citrus Stadium,10000
Glens Falls,NY,East Field,7000
Glens Falls,NY,Cool Insuring Arena,4774
Goodyear,AZ,Goodyear Ballpark,8500
Grambling,LA,Eddie G. Robinson Stadium,19600
Grambling,LA,Hobdy Assembly Center,7500
 Grand Forks,ND,Alerus Center,12283
Grand Forks,ND,Ralph Engelstad Arena,11634
Grand Junction,CO,Sam Suplizio Field,6949
Grand Prairie,TX,AirHogs Stadium,5445
Grand Rapids,MI,Van Andel Arena,10834
Grand Rapids,MI,Houseman Field,8000
Grand Rapids,MI,Van Noord Arena,5000
Great Falls,MT,Pacific Steel & Recycling Arena,5054
Greeley,CO,Nottingham Field,8533
Green Bay,WI,Lambeau Field,81435
Green Bay,WI,Resch Center,8384
Green Bay,WI,Kress Events Center,4000
Greencastle,IN,McAnally Center,5280
Greenfield,IN,Greenfield Central HS Gym,4620
Greensboro,NC,Aggie Stadium,21500
Greensboro,NC,Greensboro Coliseum,21021
Greensboro,NC,Jamieson Stadium,10000
Greensboro,NC,War Memorial Stadium,7500
Greensboro,NC,First National Bank Field,6500
Greensboro,NC,Corbett Sports Center,5700
Greensburg,IN,Greensburg High School Gym,5041
Greenville,NC,Ficklen Stadium,50000
Greenville,NC,Williams Arena at Minges Coliseum,7100
Greenville,NC,LeClair Stadium,5000
Greenville,SC,Paladin Stadium,16000
Greenville,SC,Bon Secours Wellness Arena,13707
Greenville,SC,Fluor Field,5700
Greenville,SC,Timmons Arena,5000
Guelph,ON,Sleeman Centre,4715
Hagerstown,MD,Municipal Stadium,5000
Halifax,NS,Scotiabank Centre,10595
Haltom City,TX,W.G. Thomas Coliseum,5000
Hamden,CT,People’s United Center,3570
Hamilton,NY,Andy Kerr Stadium,10221
Hamilton,ON,Tim Hortons Field,24000
Hamilton,ON,FirstOntario Centre,17383
Hammond,LA,University Center,7500
Hampton,VA,Armstrong Stadium,12000
Hampton,VA,HU Convocation Center,7200
Hampton,VA,War Memorial Stadium,3750
Hamtramck,MI,Keyworth Stadium,7933
Hanceville,AL,Tom Drake Coliseum,5080
Hanover,NH,Memorial Field,11000
Hanover,NH,Thompson Arena,3500
Harrisburg,PA,New Holland Arena,7318
Harrisburg,PA,FNB Field,6187
Harrison,NJ,Red Bull Arena,25000
Harrisonburg,VA,Bridgeforth Stadium,24877
Harrisonburg,VA,JMU Convocation Center,6426
Harrogate,TN,Turner Arena,5009
Hartford,CT,XL Center,15635
Hartford,CT,Dunkin’ Donuts Park,6056
Hattiesburg,MS,Roberts Stadium,36000
Hattiesburg,MS,Reed Green Coliseum,8095
Hattiesburg,MS,Pete Taylor Park,3434
Hays,KS,Gross Memorial Coliseum,6814
Hempstead,NY,James M. Shuart Stadium,11929
Hempstead,NY,Mack Sports Complex,4712
Henrietta,NY,Gene Polisseni Center,4000
Hershey,PA,Hersheypark Stadium,15641
Hershey,PA,Giant Center,10500
Hershey,PA,Hersheypark Arena,7286
Hickory,NC,Moretz Stadium,8500
Hickory,NC,L.P. Frans Stadium,4000
Highland Heights,KY,BB&T Arena,9400
High Point,NC,BB&T Point,8000
Hillsboro,OR,Ron Tonkin Field,3534
Hoffman Estates,IL,Sears Centre Arena,10000
Honolulu,HI,Aloha Stadium,50000
Honolulu,HI,Stan Sheriff Center,10300
Honolulu,HI,Neal S. Blaisdell Center,7775
Honolulu,HI,Les Murakami Stadium,4312
Hoover,AL,Hoover Metropolitan Stadium,10800
Hot Springs,AR,Bank OZK Arena,6200
Houghton,MI,MacInnes Student Ice Arena,4466
Houston,TX,NRG Stadium,71795
Houston,TX,Rice Stadium,47000
Houston,TX,Minute Maid Park,41168
Houston,TX,TDECU Stadium,40000
Houston,TX,BBVA Stadium,22000
Houston,TX,Toyota Center,18300
Houston,TX,Health and Physical Ed Arena,8100
Houston,TX,Fertitta Center,7100
Houston,TX,M.O. Campbell Educational Center,6400
Houston,TX,Reckling Park,6193
Houston,TX,Tudor Fieldhouse,5208
Houston,TX,Delmar Fieldhouse,5000
Houston,TX,Darryl & Lori Schroeder Park,3500
Huntington,WV,Joan C. Edwards Stadium,38016
Huntington,WV,Cam Henderson Center,9043
Huntsville,AL,Louis Crews Stadium,21000
Huntsville,AL,Propst Arena,6000
Huntsville,AL,T.M. Elmore Gymnasium,6000
Huntsville,TX,Elliott T. Bowers Stadium,12975
Huntsville,TX,Bernard G. Johnson Coliseum,6100
Huron,SD,Huron Arena,4848
Hutchinson,KS,Hutchinson Sports Arena,6500
Independence,MO,Silverstein Eye Centers Arena,5800
Indiana,PA,Kovalchick Complex,5000
Indianapolis,IN,Lucas Oil Stadium,63000
Indianapolis,IN,Bankers Life Fieldhouse,18165
Indianapolis,IN,Victory Field,12230
Indianapolis,IN,Michael A. Carroll Stadium,12111
Indianapolis,IN,Hinkle Fieldhouse,9100
Indianapolis,IN,Southport Fieldhouse,7124
Indianapolis,IN,Indiana Farmers Coliseum,6488
Indianapolis,IN,Nicoson Hall,4000
Indian Wells,CA,Indian Wells Tennis Garden,16100
Indian Wells,CA,Stadium 2,8000
Iowa City,IA,Kinnick Stadium,69250
Iowa City,IA,Hawkeye Arena,15400
Irvine,CA,Bren Events Center,5000
Isla Vista,CA,Harder Stadium,17000
Isla Vista,CA,Thunderdome,6000
Ithaca,NY,Schoellkopf Field,21500
Ithaca,NY,Newman Arena,4473
Ithaca,NY,Lynah Rink,4267
Itta Bena,MS,Totten Stadium,10000
Itta Bena,MS,HPER Complex,6000
Jackson,MS,Mississippi Vet. Memorial Stadium,60492
Jackson,MS,Mississippi Coliseum,6812
Jackson,MS,"Williams Athletics & Assembly Center(6,000)",8000
Jackson,MS,Wills Stadium,5200
Jackson,TN,The Ballpark at Jackson,6000
Jacksonville,AL,JSU Stadium,24000
Jacksonville,AL,Pete Mathews Coliseum,3500
Jacksonville,FL,TIAA Bank Field,67246
Jacksonville,FL,VyStar Veterans Memorial Arena,12609
Jacksonville,FL,121 Financial Ballpark,10000
Jacksonville,FL,Hodges Stadium,9400
Jacksonville,FL,UNF Arena,5800
Jamestown,ND,Jamestown Civic Center,5269
Johnson City,TN,Freedom Hall Civic Center,6500
Johnson City,TN,TVA Credit Union Ballpark,3800
Johnson City,TN,Brooks Gym,3500
Johnstown,PA,Point Stadium,7000
Johnstown,PA,1,8000
st Summit Arena,5),st Summit Arena,3605
Joliet,IL,DuPage Medical Group Field,6229
Jonesboro,AR,Centennial Bank Stadium,30382
Jonesboro,AR,First National Bank Arena,10038
Jupiter,FL,Roger Dean Stadium,6600
Kalamazoo,MI,Waldo Stadium,30200
Kalamazoo,MI,University Arena,5421
Kalamazoo,MI,Wings Event Center,5113
Kalamazoo,MI,Lawson Arena,3667
Kamloops,BC,Sandman Centre,5464
Kannapolis,NC,Intimidators Stadium,4700
Kansas City,KS,Children’s Mercy Park,18467
Kansas City,KS,Bones Stadium,4800
Kansas City,MO,Arrowhead Stadium,76416
Kansas City,MO,Kauffman Stadium,37903
Kansas City,MO,Sprint Center,18630
Kansas City,MO,Municipal Auditorium,9827
Katy,TX,Leonard E. Merrell Center,5600
Kearney,NE,Health and Sports Center,5100
Kearney,NE,Viaero Center,4745
Keizer,OR,Volcanoes Stadium,4254
Kelowna,BC,Prospera Place,6007
Kenner,LA,Pontchartrain Center,3600
Kennesaw,GA,Fifth Third Bank Stadium,8300
Kennesaw,GA,KSU Convocation Center,4600
Kennewick,WA,Toyota Center,5734
Kent,OH,Dix Stadium,25319
 Kent,OH,Memorial Athletic & Convocation Center,6327
Kent,WA,ShoWare Center,6025
Kettering,OH,James S. Trent Arena,3650
Kingston,ON,Leon’s Centre,5614
 Kingston,RI,Thomas M. Ryan Center,7657
Kingsville,TX,Javelina Stadium,12500
Kingsville,TX,Steinke Center,4000
Kinston,NC,Grainger Stadium,4100
Kissimmee,FL,Silver Spurs Arena,8500
Kitchener,ON,Kitchener Memorial Auditorium,7131
Knoxville,TN,Neyland Stadium,102455
Knoxville,TN,Boling Arena,21678
Knoxville,TN,Knoxville Civic Coliseum,4973
Knoxville,TN,Lindsey Nelson Stadium,4283
Kodak,TN,Smokies Stadium,6000
La Crosse,WI,Copeland Park,3550
Lafayette,LA,Cajun Field,41426
Lafayette,LA,Cajundome,12362
Lafayette,LA,M.L. Tigue Moore Field,3755
Laie,HI,Cannon Activities Center,4500
Lake Buena Vista,FL,HP Field House,5000
Lake Charles,LA,Cowboy Stadium,17610
Lake Charles,LA,Burton Coliseum,8500
Lake Charles,LA,H&HP Complex,4200
Lake Elsinore,CA,The Diamond,6066
Lakeland,FL,Joker Marchant Stadium,8500
Lakeland,FL,Jenkins Arena,8178
Lake Placid,NY,Herb Brooks Arena,7700
Lakewood,NJ,FirstEnergy Park,6588
Lancaster,CA,The Hangar,4600
Lancaster,PA,Clipper Magazine Stadium,6000
Landover,MD,FedEx Field,82000
Langley,BC,Langley Events Centre,5276
Lansing,MI,Cooley Law School Stadium,7300
Laramie,WY,War Memorial Stadium,29181
Laramie,WY,Auditorium,11445
Laredo,TX,Laredo Energy Arena,8665
Laredo,TX,Trade Stadium,6000
Las Cruces,NM,Aggie Memorial Stadium,30343
Las Cruces,NM,Pan American Center,12575
Las Vegas,NM,John A. Wilson Complex,4250
Las Vegas,NV,Sam Boyd Stadium,35500
Las Vegas,NV,Thomas & Mack Center,18000
Las Vegas,NV,Mobile Arena,17500
Las Vegas,NV,Mandalay Bay Events Center,12000
Las Vegas,NV,Cashman Field,9334
Las Vegas,NV,Las Vegas Ballpark,8000
Las Vegas,NV,Orleans Arena,7051
Laval,QC,Bell Place,9449
Lawrence,KS,David Booth Kansas Memorial Stadium,50071
Lawrence,KS,Allen Fieldhouse,16300
Lawrenceville,GA,Coolray Field,10427
Lethbridge,AB,ENMAX Centre,4093
Lewisburg,PA,Memorial Stadium,13100
Lewisburg,PA,Sojka Pavilion,4000
Lewiston,ME,Androscoggin Bank Colisée,3682
Lexington,KY,Kroger Field,61000
Lexington,KY,Rupp Arena,23500
Lexington,KY,Memorial Coliseum,8500
Lexington,KY,Whitaker Bank Ballpark,5061
Lexington,VA,Foster Stadium,10000
Lexington,VA,Cameron Hall,5000
Lincoln,NE,Memorial Stadium,86047
Lincoln,NE,Pinnacle Bank Arena,15000
Lincoln,NE,Haymarket Park,8486
Lincoln,NE,Bob Devaney Sports Center,7907
Lincoln,NE,Ice Box,4212
Little Falls,NJ,Yogi Berra Stadium,3784
Little Rock,AR,War Memorial Stadium,54120
Little Rock,AR,Jack Stephens Center,5600
Logan,UT,Maverik Stadium,25100
Logan,UT,Dee Glen Smith Spectrum,10270
Logansport,IN,Berry Bowl,5873
London,ON,Budweiser Gardens,9036
London,ON,Labatt Park,5200
Long Beach,CA,Walter Pyramid,4200
Los Angeles,CA,Los Angeles Memorial Coliseum,77500
Los Angeles,CA,Dodger Stadium,56000
Los Angeles,CA,Banc of California Stadium,22000
Los Angeles,CA,Staples Center,19079
 Los Angeles,CA,Pauley Pavilion,13800
 Los Angeles,CA,Drake Stadium,11700
Los Angeles,CA,Galen Center,10258
Los Angeles,CA,Gersten Pavilion,4156
Louisville,KY,Cardinal Stadium,60000
Louisville,KY,KFC Yum! Center,22000
Louisville,KY,Louisville Slugger Field,13131
Louisville,KY,Lynn Family Stadium,11600
Louisville,KY,Jim Patterson Stadium,4000
Loveland,CO,Budweiser Event Center,5289
Lowell,MA,Tsongas Center,6003
Lowell,MA,LeLacheur Park,4767
Lubbock,TX,Jones AT&T Stadium,60454
Lubbock,TX,United Supermarkets Arena,15098
Lubbock,TX,Dan Law Field,4432
Lynchburg,VA,Williams Stadium,25000
Lynchburg,VA,Vines Center,8085
Lynchburg,VA,Calvin Falwell Field,4281
Lynn,MA,Fraser Field,3804
Macomb,IL,Hanson Field,16368
Macomb,IL,Western Hall,5139
Macon,GA,Five Star Stadium,10200
Macon,GA,Macon Coliseum,7182
Macon,GA,Luther Williams Field,3500
Macon,GA,Hawkins Arena,3500
Madison,WI,Camp Randall Stadium,80321
Madison,WI,Kohl Center,17287
Madison,WI,UW Field House,10600
Madison,WI,Veterans Memorial Coliseum,7890
Madison,WI,Warner Park,6750
Manchester,NH,SNHU Arena,10019
Manchester,NH,Northeast Delta Dental Stadium,6500
Manhattan,KS,Bill Snyder Family Stadium,50000
Manhattan,KS,Bramlage Coliseum,12528
Manhattan,KS,Ahearn Field House,5000
Mankato,MN,Mayo Clinic Health System Event Center,4832
Mankato,MN,Taylor Center,4800
Mansfield,OH,Arlin Field,14000
Marion,IL,Rent One Park,4500
Marion,IN,Bill Green Athletic Arena,7560
Marquette,MI,Superior Dome,8000
Marquette,MI,Berry Events Center,4260
Marshall,MN,Recreation/Athletic Facility,4000
Martin,TN,Elam Center,4300
Martinsville,IN,John Wooden Gymnasium,5500
Mason,OH,Lindner Family Tennis Center,11435
McKinney,TX,McKinney ISD Stadium,12000
Medicine Hat,AB,Canalta Centre,6016
Memphis,TN,Liberty Bowl Memorial Stadium,58318
Memphis,TN,FedEx Forum,18400
Memphis,TN,AutoZone Park,13480
Mesa,AZ,Sloan Park,10800
Mesa,AZ,Hohokam Stadium,7400
Mesquite,TX,Mesquite Arena,5550
Metairie,LA,Shrine on Airline,10000
Miami Gardens,FL,Hard Rock Stadium,65326
Miami,FL,Marlins Park,36742
Miami,FL,American Airlines Arena,19600
Miami,FL,Riccardo Silva Stadium,20000
Miami,FL,Ocean Bank Convocation Center,5000
Michigan City,IN,Michigan City High School Gym,7304
Midland,MI,Dow Diamond,3500
Midland,TX,Grande Communications Stadium,15000
Midland,TX,Security Bank Ballpark,6669
Midland,TX,Al G. Langford Chaparral Center,4500
Midland,TX,Christensen Stadium,4000
Milledgeville,GA,Centennial Center,4071
Millington,TN,USA Stadium,5000
Milwaukee,WI,Miller Park,41900
Milwaukee,WI,Fiserv Forum,17500
Milwaukee,WI,UWM Panther Arena,9450
Milwaukee,WI,Al McGuire Center,4000
Minneapolis,MN,U.S. Bank Stadium,66665
Minneapolis,MN,TCF Bank Stadium,50850
Minneapolis,MN,Target Field,38885
Minneapolis,MN,Target Center,18798
Minneapolis,MN,Williams Arena,14625
Minneapolis,MN,3M Arena at Mariucci,10000
Minneapolis,MN,Maturi Pavilion,5840
Minot,ND,Minot State Dome,9600
Mississauga,ON,Paramount Fine Foods Centre,5420
Missoula,MT,Grizzly Stadium,25217
Missoula,MT,Dahlberg Arena,7322
Missoula,MT,Ogren Park at Allegiance Field,3500
Mobile,AL,Peebles Stadium,33471
Mobile,AL,Mitchell Center,10000
Mobile,AL,Hank Aaron Stadium,6000
Mobile,AL,Stanky Field,3775
Modesto,CA,John Thurman Field,4000
Moline,IL,TaxSlayer Center,9000
Moncton,NB,Avenir Centre,8750
Monroe,LA,Malone Stadium,27617
 Monroe,LA,Ewing Coliseum,7000
Montgomery,AL,ASU Stadium,26500
Montgomery,AL,Cramton Bowl,25000
Montgomery,AL,Garrett Coliseum,8500
Montgomery,AL,Oliver Acadome,7400
Montgomery,AL,Paterson Field,7000
Montgomery,AL,Riverwalk Stadium,6000
Montreal,QC,Olympic Stadium,59020
Montreal,QC,Percival Molson Memorial Stadium,23420
Montreal,QC,Bell Centre,21288
Montreal,QC,Saputo Stadium,20801
Montreal,QC,IGA Stadium,11715
Moon Township,PA,UPMC Events Center,4000
Moose Jaw,SK,Mosaic Place,4414
Moosic,PA,PNC Field,7115
Moraga,CA,McKeon Pavilion,3500
Morehead,KY,Jayne Stadium,10000
Morehead,KY,Ellis T. Johnson Arena,6500
Morehead,KY,Wetherby Gym,3500
Morgantown,WV,Milan Puskar Stadium,60000
Morgantown,WV,WVU Coliseum,14000
Moscow,ID,Kibbie Dome,16000
Mount Pleasant,MI,Kelly/Shorts Stadium,30255
Mount Pleasant,MI,McGuirk Arena,5300
Muncie,IN,Scheumann Stadium,22500
Muncie,IN,Worthen Arena,11500
Murfreesboro,TN,Johnny Floyd Stadium,30788
Murfreesboro,TN,Murphy Center,11520
Murray,KY,Roy Stewart Stadium,16800
Murray,KY,CFSB Center,8600
Murray,KY,Racer Arena,5500
Muskegon,MI,Mercy Health Arena,4200
Myrtle Beach,SC,TicketReturn.com Field,4800
Nacogdoches,TX,Homer Bryce Stadium,14575
 Nacogdoches,TX,William R Johnson Coliseum,7203
Nampa,ID,Ford Idaho Center,12657
Nashville,TN,Nissan Stadium,69143
Nashville,TN,Vanderbilt Stadium,40350
Nashville,TN,Bridgestone Arena,17113
Nashville,TN,W.J. Hale Stadium,15000
Nashville,TN,Memorial Gymnasium,14316
Nashville,TN,Gentry Center,9100
Nashville,TN,First Tennessee Park,8500
Nashville,TN,Allen Arena,5028
Nashville,TN,Curb Event Center,5000
Nashville,TN,Charles Hawkins Field,3626
 Natchitoches,LA,Turpin Stadium,15971
Newark,DE,Delaware Stadium,22000
Newark,DE,Bob Carpenter Center,5000
Newark,NJ,Prudential Center,17625
Newark,NJ,Wellness and Events Center,3500
New Britain,CT,New Britain Stadium,6146
New Castle,IN,New Castle Fieldhouse,7829
New Haven,CT,Yale Bowl,61446
New Haven,CT,Ingalls Rink,3500
New Orleans,LA,Benz Superdome,73208
New Orleans,LA,Yulman Stadium,30000
New Orleans,LA,Smoothie King Center,16867
New Orleans,LA,Lakefront Arena,8785
New Orleans,LA,Turchin Stadium,5000
New Orleans,LA,Fogelman Arena,3600
New York,NY,Madison Square Garden,18006
New York,NY,Lawrence A. Wien Stadium,17000
Niagara Falls,NY,Sal Maglie Stadium,4000
Niles,OH,Eastwood Field,6000
Norfolk,VA,Dick Price Stadium,30000
Norfolk,VA,S.B Ballard Stadium,22480
Norfolk,VA,Harbor Park,11856
Norfolk,VA,Norfolk Scope,8701
Norfolk,VA,Ted Constant Convocation Center,8472
Norfolk,VA,Echols Hall,4500
Normal,IL,Hancock Stadium,13391
Normal,IL,Redbird Arena,10200
Normal,IL,The Corn Crib,4200
Norman,OK,Oklahoma Memorial Stadium,83489
Norman,OK,Lloyd Noble Center,11562
Norman,OK,McCasland Field House,4640
North Augusta,SC,Segra Park,4782
North Bay,ON,North Bay Memorial Gardens,4043
North Charleston,SC,North Charleston Coliseum,10537
North Little Rock,AR,Verizon Arena,18000
North Little Rock,AR,Stephens Park,7000
North Port,FL,CoolToday Park,6200
Norwich,CT,Dodd Stadium,6270
Oakland,CA,Oakland Coliseum,46847
Oakland,CA,Oakland Arena,17200
Odessa,TX,Ratliff Stadium,17931
Odessa,TX,Ector County Coliseum,4725
O'Fallon,MO,CarShield Field,4989
Ogden,UT,Stewart Stadium,17500
Ogden,UT,Dee Events Center,11500
Ogden,UT,Lindquist Field,6700
Oklahoma City,OK,Chesapeake Energy Arena,18203
Oklahoma City,OK,Chickasaw Bricktown Ballpark,13066
Oklahoma City,OK,Cox Convention Center,12860
Oklahoma City,OK,Jim Norick Arena,8500
Olean,NY,Reilly Center,5480
Omaha,NE,TD Ameritrade Park Omaha,24000
Omaha,NE,CHI Health Center Omaha,17352
Omaha,NE,Baxter Arena,7898
Ontario,CA,Toyota Arena,9491
Orangeburg,SC,Oliver C. Dawson Stadium,22000
Orchard Park,NY,New Era Field,71608
Orem,UT,UCCU Center,8500
Orlando,FL,Camping World Stadium,65000
Orlando,FL,Spectrum Stadium,44206
Orlando,FL,Orlando City Stadium,25500
Orlando,FL,Amway Center,18500
Orlando,FL,CFE Arena,10000
Orlando,FL,John Euliano Park,3841
Orono,ME,Alfond Stadium,10000
Orono,ME,Alfond Arena,5124
Orono,ME,Mahaney Diamond,4400
Oshawa,ON,Tribute Communities Centre,5180
Oshkosh,WI,Titan Stadium,9800
Oshkosh,WI,Kolf Sports Center,5600
Oshkosh,WI,Menominee Nation Arena,3500
Ottawa,ON,TD Place Stadium,24000
Ottawa,ON,Canadian Tire Centre,17373
Ottawa,ON,RCGT Park,10332
Ottawa,ON,TD Place Arena,9862
Owensboro,KY,Owensboro Sportscenter,4817
Oxford,MS,Hemingway Stadium,64038
Oxford,MS,University Stadium,10715
Oxford,MS,The Pavilion at Ole Miss,9500
Oxford,OH,Yager Stadium,24286
 Oxford,OH,Millett Hall,6400
 Oxford,OH,Steve Cady Arena,3642
Palo Alto,CA,Stanford Stadium,50424
Palo Alto,CA,Maples Pavilion,7233
Paoli,IN,Paoli Gymnasium,4200
Papillion,NE,Werner Park,9023
Park City,KS,Hartman Arena,5000
Pasadena,CA,Rose Bowl,91136
Pasco,WA,Gesa Stadium,3700
Pawtucket,RI,McCoy Stadium,10031
Pearl,MS,Trustmark Park,8480
Pelham,AL,Pelham Civic Complex,4100
Pensacola,FL,Pensacola Bay Center,8150
Pensacola,FL,Blue Wahoos Stadium,5038
Penticton,BC,South Okanagan Events Centre,4701
Peoria,AZ,Peoria Sports Complex,7833
Peoria,IL,Carver Arena,11164
Peoria,IL,Dozer Park,7500
Peoria,IL,Renaissance Coliseum,4200
Peterborough,ON,Peterborough Memorial Centre,3729
Philadelphia,PA,Lincoln Financial Field,69596
Philadelphia,PA,Franklin Field,52593
 Philadelphia,PA,Citizens Bank Park,43035
Philadelphia,PA,Wells Fargo Center,19543
Philadelphia,PA,Liacouras Center,10206
Philadelphia,PA,The Palestra,8722
Philadelphia,PA,Hagan Arena,4200
Philadelphia,PA,McGonigle Hall,3900
Philadelphia,PA,Tom Gola Arena,3400
Phoenix,AZ,Chase Field,48686
Phoenix,AZ,Talking Stick Resort Arena,18422
Phoenix,AZ,American Family Fields of Phoenix,8000
Phoenix,AZ,GCU Arena,7000
Phoenix,AZ,Phoenix Municipal Stadium,5300
Phoenix,AZ,GCU Ballpark,3500
Pikeville,KY,Eastern Kentucky Expo Center,5272
Pine Bluff,AR,Golden Lion Stadium,14500
Pine Bluff,AR,H.O. Clemmons Arena,4500
Pineville,LA,H.O. West Fieldhouse,4800
Piqua,OH,Alexander Stadium,8200
Piscataway,NJ,SHI Stadium,52454
Piscataway,NJ,Rutgers Athletic Center,8000
Pittsburgh,PA,Heinz Field,68400
Pittsburgh,PA,PNC Park,38362
Pittsburgh,PA,PPG Paints Arena,18387
Pittsburgh,PA,Petersen Events Center,12508
Pittsburgh,PA,Fitzgerald Field House,6798
Pittsfield,MA,Wahconah Park,4500
Platteville,WI,Pioneer Stadium,10000
Plymouth,MI,USA Hockey Arena,3504
Pocatello,ID,Holt Arena,11767
Portales,NM,Greyhound Arena,4800
Port Charlotte,FL,Charlotte Sports Park,6000
Portland,ME,Hadlock Field,7368
Portland,ME,Cross Insurance Arena,6435
Portland,OR,Providence Park,25218
Portland,OR,Moda Center,19980
Portland,OR,Veterans Memorial Coliseum,10095
Portland,OR,Chiles Center,4852
Port St. Lucie,FL,First Data Field,7160
Pottsville,PA,Martz Hall,4100
Prairie View,TX,Panther Stadium,15000
Prairie View,TX,William Nicks Building,3500
Prince George,BC,CN Centre,5971
Princess Anne,MD,Hytche Athletic Center,5500
Princeton,NJ,Princeton Stadium,27800
Princeton,NJ,Jadwin Gymnasium,6854
Prescott Valley,AZ,Findlay Toyota Center,5100
Providence,RI,Brown Stadium,20000
Providence,RI,Dunkin’ Donuts Center,11273
Provo,UT,LaVell Edwards Stadium,63470
Provo,UT,Marriott Center,18987
Provo,UT,Smith Fieldhouse,5000
Pueblo,CO,Massari Arena,3900
Pullman,WA,Martin Stadium,32952
Pullman,WA,Beasley Coliseum,11671
Pullman,WA,Brayton Field,3500
Québec City,QC,Videotron Centre,18259
Québec City,QC,Canac Stadium,4800
Queens,NY,Citi Field,41922
Queens,NY,Arthur Ashe Stadium,23771
Queens,NY,Louis Armstrong Stadium,14053
Queens,NY,Grandstand,8125
Queens,NY,Carnesecca Arena,5602
Queens,NY,Jack Kaiser Stadium,3500
Raleigh,NC,Finley Stadium,57600
Raleigh,NC,PNC Arena,18680
Raleigh,NC,Reynolds Coliseum,5500
Ralston,NE,Ralston Arena,4000
Ramapo,NY,Palisades Credit Union Park,4500
Rancho Cucamonga,CA,LoanMart Field,6588
Rapid City,SD,Don Barnett Arena,9400
Rapid City,SD,Rushmore Plaza Civic Center,5127
Reading,PA,FirstEnergy Stadium,9000
Reading,PA,Santander Arena,7200
Red Deer,AB,ENMAX Centrium,6000
Regina,SK,Mosaic Stadium,33000
Regina,SK,Brandt Centre,6484
Reno,NV,Mackay Stadium,30000
Reno,NV,Lawlor Events Center,11536
Reno,NV,Greater Nevada Field,9013
Richfield,UT,Sevier Valley Center,4144
Richmond,KY,Roy Kidd Stadium,20000
Richmond,KY,McBrayer Arena,6500
Richmond,VA,City Stadium,22611
Richmond,VA,Hovey Field,10000
Richmond,VA,The Diamond,9560
Richmond,VA,Robins Stadium,8700
Richmond,VA,Siegel Center,7637
Richmond,VA,Robins Center,7201
Rimouski,QC,Sun Life Financial Coliseum,4156
Rio Rancho,NM,Santa Ana Star Center,6000
Riverside,CA,CBU Events Center,5050
Roanoke,VA,Berglund Center,7752
Rochester Hills,MI,Athletics Center O’rena,4000
Rochester,MN,Mayo Civic Center,5200
Rochester,NY,Blue Cross Arena,10662
Rochester,NY,Frontier Field,10840
Rockford,IL,BMO Harris Bank Center,5895
Rock Hill,SC,Winthrop Coliseum,6100
Rome,GA,State Mutual Stadium,5105
Rosemont,IL,Allstate Arena,16692
Rosemont,IL,Impact Field,6300
Round Rock,TX,Dell Diamond,8631
Russellville,AR,Tucker Coliseum,3500
Ruston,LA,Joe Aillet Stadium,28019
Ruston,LA,Thomas Assembly Center,8000
Sacramento,CA,Hughes Stadium,23000
Sacramento,CA,Hornet Stadium,21195
Sacramento,CA,Golden1 Center,17500
Sacramento,CA,Papa Murphy’s Park,11442
Saginaw,MI,Dow Event Center,4213
Saint John,NB,TD Station,5990
Salem,VA,Salem Memorial Ballpark,5875
Salem,VA,Salem Civic Center,5000
Salina,KS,Tony’s Pizza Event Center,4965
Salisbury,MD,Arthur W. Perdue Stadium,5200
Salt Lake City,UT,Eccles Stadium,45807
Salt Lake City,UT,Vivint Smart Home Arena,18300
Salt Lake City,UT,Smith’s Ballpark,15334
Salt Lake City,UT,Jon M. Huntsman Center,15000
San Angelo,TX,Stephens Arena,5500
San Angelo,TX,Foster Field,4200
 San Antonio,TX,Alamodome,65000
San Antonio,TX,AT&T Center,18581
San Antonio,TX,Toyota Field,8400
San Antonio,TX,Nelson Wolff Municipal Stadium,6200
San Antonio,TX,Bill Greehey Arena,3800
San Bernardino,CA,San Manuel Stadium,5000
San Bernardino,CA,Coussoulis Arena,4140
San Bernardino,CA,Fiscalini Field,3600
San Diego,CA,SDCCU Stadium,70561
San Diego,CA,Petco Park,40209
San Diego,CA,Pechanga Arena,12920
San Diego,CA,Viejas Arena,12414
San Diego,CA,Jenny Craig Pavilion,5100
San Diego,CA,RIMAC Arena,5000
Sandy,UT,Rio Tinto Stadium,20000
San Francisco,CA,Oracle Park,41915
San Francisco,CA,Chase Center,18064
San Francisco,CA,Kezar Stadium,9044
San Francisco,CA,Kezar Pavilion,4000
San Jose,CA,CEFCU Stadium,30456
 San Jose,CA,Earthquakes Stadium,18000
San Jose,CA,SAP Center at San Jose,17562
San Jose,CA,Municipal Stadium,5200
 San Jose,CA,The Event Center,5000
San Luis Obispo,CA,Alex G. Spanos Stadium,11075
San Marcos,TX,Bobcat Stadium,30000
San Marcos,TX,Strahan Arena,10000
Santa Clara,CA,Levi’s Stadium,68500
Santa Clara,CA,Leavey Center,4700
Sarasota,FL,Ed Smith Stadium,7500
Sarnia,ON,Progressive Auto Sales Arena,3781
Saskatoon,SK,SaskTel Centre,15195
Sauget,IL,GCS Ballpark,6000
Sault Ste. Marie,MI,Taffy Abel Arena,4218
Sault Ste. Marie,ON,GFL Memorial Gardens,4928
Savannah,GA,Theodore A. Wright Stadium,8500
Savannah,GA,Tiger Arena,6000
Savannah,GA,Grayson Stadium,4000
Schaumburg,IL,Schaumburg Boomers Stadium,6465
Scottsdale,AZ,Scottsdale Stadium,8188
Scottsdale,AZ,Salt River Fields at Talking Stick,7000
Seattle,WA,Husky Stadium,70138
Seattle,WA,CenturyLink Field,67000
Seattle,WA,Mobile Park,47898
Seattle,WA,Alaska Airlines Arena,10000
Seymour,IN,Lloyd E. Scott Gym,8228
Shawinigan,QC,Gervais Auto Centre,4350
Shenandoah,TX,Woodforest Bank Stadium,9600
Sherbrooke,QC,Leopold Drolet Sports Palace,3718
Shreveport,LA,Independence Stadium,49565
Shreveport,LA,Hirsch Coliseum,4000
Sioux City,IA,Gateway Arena,5800
Sioux City,IA,Lewis & Clark Park,3800
Sioux Falls,SD,Denny Sanford Premier Center,10678
Sioux Falls,SD,Sioux Falls Stadium,4462
Sioux Falls,SD,Sioux Falls Arena,4066
Sioux Falls,SD,Elmen Center,4000
Slippery Rock,PA,Thompson Stadium,10000
Snyder,TX,The Coliseum,3890
Southaven,MS,Landers Center,8400
South Bend,IN,Notre Dame Stadium,78500
South Bend,IN,Purcell Pavilion at Joyce Center,9149
South Bend,IN,Compton Family Ice Arena,5022
South Bend,IN,Four Winds Field,5000
S. Williamsport,PA,Howard J. Lamade Stadium,10000
S. Williamsport,PA,Volunteer Stadium,5000
Spartanburg,SC,Gibbs Stadium,13000
Spokane,WA,Albi Stadium,28646
Spokane,WA,Spokane Arena,10366
Spokane,WA,Avista Stadium,6752
Spokane,WA,McCarthey Athletic Center,6000
Springdale,AR,Arvest Ballpark,6500
Springfield,IL,Bank of Springfield Center,7700
Springfield,IL,Robin Roberts Stadium,5200
Springfield,MA,MassMutual Center,6793
Springfield,MO,Robert W. Plaster Stadium,17500
Springfield,MO,JQH Arena,11000
Springfield,MO,Hammons Student Center,8846
Springfield,MO,Hammons Field,7986
St. Catharines,ON,Meridian Centre,5300
St. Charles,MO,Family Arena,10000
St. Cloud,MN,Halenbeck Hall,6927
St. Cloud,MN,Herb Brooks National Hockey Center,5159
St. George,UT,Burns Arena,4779
St. John's,NF,Mile One Centre,6750
St. Joseph,MO,St. Joseph Civic Arena,3800
St. Joseph,MO,Phil Welch Stadium,3600
St. Louis,MO,Busch Stadium,45529
St. Louis,MO,The Dome at America’s Center,66965
St. Louis,MO,Enterprise Center,18400
St. Louis,MO,Chaifetz Arena,10600
St. Louis,MO,Mark Twain Building,3700
St. Paul,MN,Allianz Field,19400
St. Paul,MN,Xcel Energy Center,17954
St. Paul,MN,CHS Field,7000
St. Peter,MN,Gus Young Court,3500
St. Petersburg,FL,Tropicana Field,42735
Starkville,MS,Davis Wade Stadium,61337
Starkville,MS,Dudy Noble Field,15000
Starkville,MS,Humphrey Coliseum,10575
State College,PA,Beaver Stadium,106572
State College,PA,Bryce Jordan Center,15261
State College,PA,Rec Hall,5812
State College,PA,Pegula Ice Arena,5704
State College,PA,Medlar Field at Lubrano Park,5570
Staten Island,NY,Richmond County Bank Ballpark,7171
Statesboro,GA,Allen E. Paulson Stadium,25000
Statesboro,GA,Hanner Fieldhouse,3897
Stephenville,TX,Tarleton Memorial Stadium,9000
Stillwater,OK,Boone Pickens Stadium,56790
Stillwater,OK,Iba Arena,13611
Stillwater,OK,O’Brate Stadium,4000
Stockton,CA,Stockton Arena,9793
Stockton,CA,Alex G. Spanos Center,6150
Stockton,CA,Banner Island Ballpark,5200
Stony Brook,NY,Kenneth P. LaValle Stadium,12300
Stony Brook,NY,Island Federal Credit Union Arena,4009
Storrs,CT,Gampel Pavilion,10167
Sudbury,ON,Sudbury Arena,4640
Sugar Land,TX,Constellation Field,7500
Sunrise,FL,BB&T Center,19250
Surprise,AZ,Surprise Stadium,7500
Sydney,NS,Centre 200,5010
Syracuse,NY,Carrier Dome,49262
Syracuse,NY,NBT Bank Stadium,11071
Syracuse,NY,War Memorial Arena,6110
Tacoma,WA,Tacoma Dome,20722
Tacoma,WA,Cheney Stadium,6800
Tacoma,WA,Memorial Fieldhouse,5400
Tahlequah,OK,Doc Wadley Stadium,8300
Tallahassee,FL,Doak Campbell Stadium,79560
 Tallahassee,FL,Bragg Memorial Stadium,25500
 Tallahassee,FL,Donald L. Tucker Center,12100
 Tallahassee,FL,Al Lawson Center,9639
Tallahassee,FL,Dick Howser Stadium,6700
Tampa,FL,Raymond James Stadium,65890
Tampa,FL,Amalie Arena,19204
Tampa,FL,Steinbrenner Field,11000
Tampa,FL,Yuengling Center,10411
Taylorsville,UT,Bruin Arena,5000
Tempe,AZ,Sun Devil Stadium,55000
Tempe,AZ,Desert Financial Arena,14198
Tempe,AZ,Tempe Diablo Stadium,7015
Terre Haute,IN,Memorial Stadium,12764
Terre Haute,IN,Hulman Center,10200
Thief River Falls,MN,Ralph Engelstad Arena,3593
Thibodaux,LA,John L. Guidry Stadium,10500
Thibodaux,LA,David R. Stopher Gym,3800
Thunder Bay,ON,Fort Williams Gardens,3477
Toledo,OH,Glass Bowl,26038
Toledo,OH,Fifth Third Field,8943
Toledo,OH,Huntington Center,7389
Toledo,OH,John F. Savage Arena,7014
Topeka,KS,Landon Arena,7450
Topeka,KS,Lee Arena,3904
Toronto,ON,Rogers Centre,49282
Toronto,ON,BMO Field,30000
Toronto,ON,Scotiabank Arena,18819
Toronto,ON,Aviva Centre,8000
Toronto,ON,Lamport Stadium,9600
Toronto,ON,Cola Coliseum,7851
Towson,MD,Johnny Unitas Stadium,11198
Towson,MD,SECU Arena,5200
Traverse City,MI,Turtle Creek Stadium,3518
Trenton,NJ,Cure Insurance Arena,8100
Trenton,NJ,Arm & Hammer Park,6120
Trois-Rivieres,QC,Quillorama Stadium,4500
Troy,AL,Veterans Memorial Stadium,30000
Troy,AL,Trojan Arena,5200
Troy,NY,Houston Field House,4800
Troy,NY,Joseph L. Bruno Stadium,4500
Tucson,AZ,Arizona Stadium,50782
Tucson,AZ,McKale Center,14644
Tucson,AZ,Hi Corbett Field,9500
Tucson,AZ,Tucson Arena,6791
Tulsa,OK,Skelly Field at H.A. Chapman Stadium,30000
Tulsa,OK,BOK Center,17096
Tulsa,OK,Mabee Center,10575
Tulsa,OK,Donald W. Reynolds Center,8355
Tulsa,OK,ONEOK Field,7833
Tulsa,OK,Union Multipurpose Activity Center,5600
Tuscaloosa,AL,Denny Stadium,101821
Tuscaloosa,AL,Coleman Coliseum,15383
Tuscaloosa,AL,Stillman Stadium,9000
Tuscaloosa,AL,Thomas Stadium,5867
Tuscaloosa,AL,Foster Auditorium,3800
Tuskegee,AL,Abbott Memorial Alumni Stadium,10000
Tuskegee,AL,James Center Arena,5000
Uncasville,CT,Mohegan Sun Arena,9323
Uniondale,NY, Nassau Coliseum,13917
Utica,NY,Donovan Stadium,4000
Utica,NY,Adirondack Bank Center,3917
Valdosta,GA,Hyder Stadium,10100
Valdosta,GA,The Complex,5350
Valparaiso,IN,Recreation Center,5000
Vancouver,BC,BC Place,54500
Vancouver,BC,Rogers Arena,18865
Vancouver,BC,Nat Bailey Stadium,5132
Vermillion,SD,DakotaDome,10000
Vermillion,SD,Sanford Coyote Sports Center,6000
Vestal,NY,Events Center,5142
Vero Beach,FL,Holman Stadium,6500
Victoria,BC,Foods Memorial Centre,7006
Victoria,BC,Royal Athletic Park,5700
Villanova,PA,Villanova Stadium,12000
Villanova,PA,Finneran Pavilion,6501
Waco,TX,McLane Stadium,45140
Waco,TX,Ferrell Center,10284
Waco,TX,Baylor Ballpark,5000
Waldorf,MD,Regency Furniture Stadium,4200
Walker,MI,DeltaPlex Arena,4500
Warrensburg,MO,Walton Stadium,12000
Warrensburg,MO,Multipurpose Building,6500
Washington,DC,Nationals Park,41546
Washington,DC,Audi Field,20000
Washington,DC,Capital One Arena,18506
Washington,DC,Rock Creek Park Tennis Center,7500
Washington,DC,Charles E. Smith Center,4338
Washington,DC,Entertainment & Sports Arena,4111
Waterloo,IA,Riverfront Stadium,5000
Watertown,SD,Watertown Civic Arena,4500
Weatherford,OK,Fast Lane Field,9000
Weatherford,OK,Pioneer Cellular Event Center,4000
Wenatchee,WA,Town Toyota Center,4300
West Hartford,CT,Chase Family Arena,3507
West Haven,CT,Yale Field,5000
West Lafayette,IN,Ade Stadium,57236
West Lafayette,IN,Mackey Arena,14804
West Palm Beach,FL,FITTEAM Ballpark of the Palm Beaches,6500
West Long Branch,NJ,OceanFirst Bank Center,4000
West Point,NY,Michie Stadium,38000
 West Point,NY,Christl Arena,5043
West Sacramento,CA,Raley Field,11448
West Valley City,UT,Maverik Center,10207
Wheeling,WV,Wheeling Island Stadium,12220
Wheeling,WV,WesBanco Arena,5406
Whitewater,WI,Perkins Stadium,11000
Wichita,KS,INTRUST Bank Arena,13302
Wichita,KS,Charles Koch Arena,10506
Wichita,KS,Eck Stadium,8153
Wichita Falls,TX,Memorial Stadium,14500
Wichita Falls,TX,Kay Yeager Coliseum,6400
Wichita Falls,TX,D.L. Ligon Coliseum,3640
Wilkes-Barre,PA,Mohegan Sun Arena,8050
Williamsburg,VA,Zable Stadium,12672
Williamsburg,VA,Kaplan Arena,8600
Wilmington,DE,Frawley Stadium,6404
Wilmington,OH,Fred Raizk Arena,3500
 Wilmington,NC,Trask Coliseum,5122
Windsor,ON,WFCU Centre,6450
Winnipeg,MB,IG Field,33500
Winnipeg,MB,Bell MTS Place,15294
Winnipeg,MB,Shaw Park,7481
Winona,MN,McCown Gymnasium,3500
Winston-Salem,NC,BB&T Field,31500
Winston-Salem,NC,Bowman Gray Stadium,15000
Winston-Salem,NC,Lawrence Joel Coliseum,14665
Winston-Salem,NC,BB&T Ballpark,5500
Winston-Salem,NC,David F. Couch Ballpark,3823
Winter Haven,FL,Chain of Lakes Park,7000
Woodbridge,VA,Pfitzner Stadium,6000
Worcester,MA,Fitton Field,23500
Worcester,MA,DCU Center,12135
Worcester,MA,Hart Center,3536
Yakima,WA,Yakima Valley SunDome,5549
York,PA,PeoplesBank Park,5200
Youngstown,OH,Stambaugh Stadium,20630
Youngstown,OH,Beeghly Center,6300
Youngstown,OH,Covelli Centre,5700
Ypsilanti,MI,Rynearson Stadium,30200
Ypsilanti,MI,Convocation Center,8754
Zebulon,NC,Five County Stadium,6500
